Model,Accuracy,Precision,Recall,F1,AUC,Training_Time,Inference_Time,Parameters
SVM,0.92,0.92,0.92,0.92,0.9688,2.4743096828460693,0.0816173553466796,4900
CNN,0.97,0.9433962264150944,1.0,0.970873786407767,0.9984,15.12367844581604,0.5888714790344238,1370369
GraphCodeBERT,0.98,1.0,0.96,0.979591836734694,0.9929,584.9564206600189,3.4535775184631348,124647170
