Model,Accuracy,Precision,Recall,F1,AUC,Training_Time,Inference_Time,Parameters
CNN,0.96,0.9423076923076923,0.98,0.9607843137254902,0.998,12.20397138595581,0.6255362033843994,1370369
