Scenario,Accuracy,Precision,Recall,F1,AUC
Original,0.96,0.9423076923076923,0.98,0.9607843137254902,0.9952
Variable Renaming,0.96,0.9259259259259259,1.0,0.9615384615384616,0.9944
Comment Injection,0.96,0.9423076923076923,0.98,0.9607843137254902,0.9952
