Scenario,Accuracy,Precision,Recall,F1,AUC
Original,0.99,0.9803921568627451,1.0,0.9900990099009901,0.9964
Variable Renaming,0.98,0.9615384615384616,1.0,0.9803921568627451,0.996
Comment Injection,0.98,0.9615384615384616,1.0,0.9803921568627451,0.9955999999999999
